{"cameraMode":{"drawMode":0,"name":"Shaded","section":"Shading Mode"},"sceneLighting":false,"audioPlay":false,"sceneViewState":{"showFog":true,"showMaterialUpdate":false,"showSkybox":false,"showFlares":true,"showImageEffects":true,"showParticleSystems":true,"showVisualEffectGraphs":true,"m_FxEnabled":true},"in2DMode":false,"pivot":{"x":1.3446282148361207,"y":13.965923309326172,"z":15.333911895751954},"rotation":{"x":-0.0013095670146867633,"y":-0.9818283319473267,"z":0.18964865803718568,"w":-0.006768564227968454},"size":11.927144050598145,"orthographic":false}