{"cameraMode":{"drawMode":0,"name":"Shaded","section":"Shading Mode"},"sceneLighting":false,"audioPlay":false,"sceneViewState":{"showFog":true,"showMaterialUpdate":false,"showSkybox":false,"showFlares":true,"showImageEffects":true,"showParticleSystems":true,"showVisualEffectGraphs":true,"m_FxEnabled":true},"in2DMode":false,"pivot":{"x":-3.8584375381469728,"y":3.9003090858459474,"z":2.549405574798584},"rotation":{"x":0.12333604693412781,"y":0.8509422540664673,"z":-0.2302975207567215,"w":0.4557073414325714},"size":0.000034656703064683825,"orthographic":false}